agent,category,runs,success_rate,median_seconds,median_steps,median_model_calls
gpt-jev,lookup,9.0,0.0,7.038,3.0,7.0
gpt-jev,search,9.0,0.6666666666666666,8.477,6.0,10.0
gpt-jev,multistep,9.0,0.5555555555555556,9.982,6.5,14.0
gpt-jev,interactive,9.0,0.3333333333333333,4.897,2.0,6.0
gpt-jev,adversarial,9.0,0.0,2.863,3.0,4.0
browser-use,lookup,6.0,1.0,31.674,4.0,4.0
browser-use,search,6.0,0.8333333333333334,114.8745,7.5,7.5
browser-use,multistep,6.0,0.6666666666666666,71.009,7.5,7.5
browser-use,interactive,6.0,0.3333333333333333,180.3705,24.5,24.5
browser-use,adversarial,6.0,0.3333333333333333,71.6365,10.0,10.0
browser-use (free),lookup,3.0,1.0,23.968,3.0,3.0
