dp_id,date_obs,filter_path,exposure,access_estsize
WFI.2026-07-13T01:02:28.886,2026-07-13T01:02:28.886,BB#RC/162_ESO844,9.838,6923
WFI.2026-07-11T07:10:56.830,2026-07-11T07:10:56.829,BB#RC/162_ESO844,9.847,6801
WFI.2026-07-09T07:31:08.920,2026-07-09T07:31:08.920,BB#RC/162_ESO844,9.85,6839
WFI.2026-06-29T01:28:04.807,2026-06-29T01:28:04.807,BB#RC/162_ESO844,9.848,8585
WFI.2026-06-26T02:51:20.020,2026-06-26T02:51:20.019,BB#RC/162_ESO844,9.847,10447
WFI.2026-06-25T02:38:47.434,2026-06-25T02:38:47.434,BB#RC/162_ESO844,9.848,11246
WFI.2026-06-23T03:23:26.912,2026-06-23T03:23:26.911,BB#RC/162_ESO844,9.848,8450
WFI.2026-06-19T02:04:56.366,2026-06-19T02:04:56.366,BB#RC/162_ESO844,9.85,7177
WFI.2026-05-14T22:52:50.911,2026-05-14T22:52:50.911,BB#RC/162_ESO844,9.844,8249
WFI.2026-05-14T22:45:04.109,2026-05-14T22:45:04.109,BB#RC/162_ESO844,9.85,9258
WFI.2026-05-14T22:36:10.180,2026-05-14T22:36:10.179,BB#IC/IWP_ESO845,9.849,10034
WFI.2026-05-14T03:50:20.432,2026-05-14T03:50:20.431,BB#RC/162_ESO844,9.846,7254
WFI.2026-05-14T03:42:27.939,2026-05-14T03:42:27.938,BB#RC/162_ESO844,9.849,7303
WFI.2026-05-12T22:48:20.299,2026-05-12T22:48:20.298,BB#RC/162_ESO844,9.848,10193
WFI.2026-05-11T23:02:48.024,2026-05-11T23:02:48.024,BB#RC/162_ESO844,9.847,7807
WFI.2026-05-07T03:50:25.496,2026-05-07T03:50:25.496,BB#RC/162_ESO844,9.849,8789
WFI.2026-05-06T00:59:04.836,2026-05-06T00:59:04.835,BB#IC/IWP_ESO845,9.85,8085
WFI.2026-05-06T00:50:46.270,2026-05-06T00:50:46.270,BB#IC/IWP_ESO845,9.85,8062
WFI.2026-05-05T00:45:40.418,2026-05-05T00:45:40.418,BB#RC/162_ESO844,9.848,7807
WFI.2026-05-04T00:05:58.610,2026-05-04T00:05:58.610,BB#RC/162_ESO844,9.847,7932
WFI.2026-05-03T00:04:17.939,2026-05-03T00:04:17.939,BB#RC/162_ESO844,9.847,8221
WFI.2026-05-02T01:58:51.226,2026-05-02T01:58:51.226,BB#RC/162_ESO844,9.84,8949
WFI.2026-05-02T00:07:11.032,2026-05-02T00:07:11.032,BB#RC/162_ESO844,9.849,8682
WFI.2026-05-01T02:46:08.762,2026-05-01T02:46:08.761,BB#RC/162_ESO844,9.848,9154
WFI.2026-04-26T02:11:19.212,2026-04-26T02:11:19.211,BB#RC/162_ESO844,9.85,7947
WFI.2026-04-25T10:05:50.499,2026-04-25T10:05:50.498,BB#RC/162_ESO844,9.847,8029
WFI.2026-04-25T00:51:32.211,2026-04-25T00:51:32.211,BB#RC/162_ESO844,9.844,7875
WFI.2026-04-24T05:04:11.224,2026-04-24T05:04:11.223,BB#RC/162_ESO844,9.836,7217
WFI.2026-04-10T03:24:45.054,2026-04-10T03:24:45.054,BB#U/38_ESO841,9.855,4488
WFI.2026-04-09T02:24:18.827,2026-04-09T02:24:18.827,BB#U/50_ESO877,9.847,4827
WFI.2026-03-11T06:07:56.354,2026-03-11T06:07:56.354,BB#RC/162_ESO844,9.849,7141
WFI.2026-03-08T23:47:02.397,2026-03-08T23:47:02.396,BB#RC/162_ESO844,9.848,12753
WFI.2026-03-08T23:39:01.163,2026-03-08T23:39:01.163,BB#RC/162_ESO844,9.848,15093
WFI.2026-03-08T05:39:00.806,2026-03-08T05:39:00.806,BB#RC/162_ESO844,9.849,8491
WFI.2026-03-08T02:30:24.611,2026-03-08T02:30:24.611,BB#RC/162_ESO844,9.85,7978
WFI.2026-03-08T02:21:35.473,2026-03-08T02:21:35.472,BB#RC/162_ESO844,9.837,7670
WFI.2026-03-07T02:34:06.059,2026-03-07T02:34:06.058,BB#RC/162_ESO844,9.86,8202
WFI.2026-03-07T01:53:44.219,2026-03-07T01:53:44.219,BB#RC/162_ESO844,9.835,8985
WFI.2026-03-07T01:02:02.924,2026-03-07T01:02:02.923,BB#RC/162_ESO844,9.847,7818
WFI.2026-03-07T00:53:37.287,2026-03-07T00:53:37.287,BB#RC/162_ESO844,9.848,7810
WFI.2026-03-07T00:34:16.668,2026-03-07T00:34:16.668,BB#RC/162_ESO844,9.847,7748
WFI.2026-03-06T06:23:32.115,2026-03-06T06:23:32.114,BB#RC/162_ESO844,9.836,8835
WFI.2026-03-05T00:08:31.108,2026-03-05T00:08:31.108,BB#RC/162_ESO844,9.846,8662
WFI.2026-03-04T06:39:16.714,2026-03-04T06:39:16.713,BB#RC/162_ESO844,9.858,9067
WFI.2026-03-02T07:19:28.487,2026-03-02T07:19:28.486,BB#RC/162_ESO844,9.837,9326
WFI.2026-02-28T06:54:12.029,2026-02-28T06:54:12.028,BB#RC/162_ESO844,9.852,8104
WFI.2026-02-26T06:14:10.441,2026-02-26T06:14:10.441,BB#RC/162_ESO844,9.848,6895
WFI.2026-02-24T07:20:35.183,2026-02-24T07:20:35.183,BB#RC/162_ESO844,9.847,6854
WFI.2026-02-20T07:51:04.662,2026-02-20T07:51:04.662,BB#RC/162_ESO844,9.847,7208
WFI.2026-02-18T07:55:49.745,2026-02-18T07:55:49.744,BB#RC/162_ESO844,9.849,6582
WFI.2026-02-16T07:01:15.237,2026-02-16T07:01:15.237,BB#RC/162_ESO844,9.848,6904
WFI.2026-02-05T00:25:05.094,2026-02-05T00:25:05.094,BB#RC/162_ESO844,9.849,9740
WFI.2026-02-04T07:42:18.900,2026-02-04T07:42:18.899,BB#RC/162_ESO844,9.844,9009
WFI.2026-02-02T08:08:03.883,2026-02-02T08:08:03.883,BB#RC/162_ESO844,9.847,9494
WFI.2026-02-02T08:00:40.104,2026-02-02T08:00:40.104,BB#RC/162_ESO844,9.837,9912
WFI.2026-01-31T07:58:30.984,2026-01-31T07:58:30.983,BB#RC/162_ESO844,9.849,8404
WFI.2026-01-29T06:44:25.808,2026-01-29T06:44:25.808,BB#RC/162_ESO844,9.849,6866
WFI.2026-01-29T00:30:12.490,2026-01-29T00:30:12.489,BB#RC/162_ESO844,9.848,10664
WFI.2026-01-29T00:21:04.459,2026-01-29T00:21:04.458,BB#RC/162_ESO844,9.848,13687
WFI.2026-01-27T07:53:03.031,2026-01-27T07:53:03.030,BB#RC/162_ESO844,9.85,7062
WFI.2026-01-25T06:16:49.227,2026-01-25T06:16:49.227,BB#RC/162_ESO844,9.849,6997
WFI.2026-01-25T00:26:14.951,2026-01-25T00:26:14.951,BB#RC/162_ESO844,9.853,12095
WFI.2026-01-25T00:18:32.580,2026-01-25T00:18:32.579,BB#RC/162_ESO844,9.847,14469
WFI.2026-01-24T07:38:08.675,2026-01-24T07:38:08.674,BB#RC/162_ESO844,9.849,6714
WFI.2026-01-23T07:40:40.551,2026-01-23T07:40:40.550,BB#RC/162_ESO844,9.849,6158
WFI.2026-01-21T02:14:26.180,2026-01-21T02:14:26.180,BB#RC/162_ESO844,9.847,6854
WFI.2026-01-21T00:44:19.256,2026-01-21T00:44:19.256,BB#RC/162_ESO844,9.847,8315
WFI.2026-01-21T00:35:00.214,2026-01-21T00:35:00.213,BB#RC/162_ESO844,9.847,10330
WFI.2026-01-21T00:24:38.395,2026-01-21T00:24:38.394,BB#RC/162_ESO844,9.848,13629
WFI.2026-01-20T00:40:58.488,2026-01-20T00:40:58.487,BB#RC/162_ESO844,9.848,9346
WFI.2026-01-20T00:32:39.532,2026-01-20T00:32:39.532,BB#RC/162_ESO844,9.849,10993
WFI.2025-09-28T04:11:08.468,2025-09-28T04:11:08.468,BB#RC/162_ESO844,9.849,6973
WFI.2025-09-27T23:23:31.648,2025-09-27T23:23:31.647,BB#RC/162_ESO844,9.849,11063
WFI.2025-09-27T04:19:39.938,2025-09-27T04:19:39.938,BB#RC/162_ESO844,9.85,6776
WFI.2025-09-27T00:25:40.284,2025-09-27T00:25:40.283,BB#RC/162_ESO844,9.848,7413
WFI.2025-09-25T05:42:55.731,2025-09-25T05:42:55.731,BB#RC/162_ESO844,9.849,6954
WFI.2025-09-25T05:33:45.980,2025-09-25T05:33:45.979,BB#RC/162_ESO844,9.849,6849
WFI.2025-09-24T23:27:08.540,2025-09-24T23:27:08.540,BB#RC/162_ESO844,9.849,9899
WFI.2025-09-23T04:48:50.335,2025-09-23T04:48:50.334,BB#RC/162_ESO844,9.849,6777
WFI.2025-09-23T04:39:28.341,2025-09-23T04:39:28.341,BB#RC/162_ESO844,9.849,6688
WFI.2025-09-22T05:51:18.203,2025-09-22T05:51:18.203,BB#RC/162_ESO844,9.849,7005
WFI.2025-09-20T07:41:31.310,2025-09-20T07:41:31.309,BB#RC/162_ESO844,9.848,7330
WFI.2025-09-18T06:07:44.330,2025-09-18T06:07:44.329,BB#RC/162_ESO844,9.847,7096
WFI.2025-09-15T06:49:40.787,2025-09-15T06:49:40.786,BB#RC/162_ESO844,9.835,6757
WFI.2025-09-15T06:42:06.415,2025-09-15T06:42:06.414,BB#RC/162_ESO844,9.847,6728
WFI.2025-09-13T07:09:36.142,2025-09-13T07:09:36.142,BB#RC/162_ESO844,9.847,8530
WFI.2025-09-13T07:01:51.150,2025-09-13T07:01:51.149,BB#RC/162_ESO844,9.848,8614
WFI.2025-09-11T07:16:12.302,2025-09-11T07:16:12.302,BB#RC/162_ESO844,9.848,7955
WFI.2025-09-09T06:56:17.893,2025-09-09T06:56:17.892,BB#RC/162_ESO844,9.85,8969
WFI.2025-08-29T08:15:38.509,2025-08-29T08:15:38.509,BB#RC/162_ESO844,9.85,6616
WFI.2025-08-29T01:07:25.603,2025-08-29T01:07:25.603,BB#RC/162_ESO844,9.848,7505
WFI.2025-08-27T03:28:50.623,2025-08-27T03:28:50.623,BB#RC/162_ESO844,9.849,6772
WFI.2025-08-25T05:35:37.798,2025-08-25T05:35:37.798,BB#RC/162_ESO844,9.848,6814
WFI.2025-08-24T23:07:48.977,2025-08-24T23:07:48.977,BB#RC/162_ESO844,9.85,11506
WFI.2025-08-24T22:58:42.857,2025-08-24T22:58:42.856,BB#RC/162_ESO844,9.85,14463
WFI.2025-08-17T09:24:20.277,2025-08-17T09:24:20.276,BB#RC/162_ESO844,9.848,7202
WFI.2025-08-17T09:13:55.038,2025-08-17T09:13:55.037,BB#RC/162_ESO844,9.848,7362
WFI.2025-08-16T07:46:56.048,2025-08-16T07:46:56.047,BB#RC/162_ESO844,9.85,7223
WFI.2025-08-14T08:40:20.812,2025-08-14T08:40:20.812,BB#RC/162_ESO844,9.847,8138
WFI.2025-07-29T02:28:27.613,2025-07-29T02:28:27.612,BB#RC/162_ESO844,9.848,7409
WFI.2025-07-28T02:41:20.095,2025-07-28T02:41:20.094,BB#RC/162_ESO844,9.848,7378
WFI.2025-07-26T02:32:21.558,2025-07-26T02:32:21.558,BB#RC/162_ESO844,9.848,7439
WFI.2025-07-25T01:37:24.988,2025-07-25T01:37:24.987,BB#RC/162_ESO844,9.849,8694
WFI.2025-07-24T03:15:32.653,2025-07-24T03:15:32.653,BB#RC/162_ESO844,9.848,7339
WFI.2025-07-23T02:39:49.863,2025-07-23T02:39:49.862,BB#RC/162_ESO844,9.847,7089
WFI.2025-07-23T02:29:34.955,2025-07-23T02:29:34.954,NB#HALPHA/7_ESO856,9.847,4871
WFI.2025-07-22T03:30:52.590,2025-07-22T03:30:52.589,BB#RC/162_ESO844,9.848,8645
WFI.2025-07-22T03:23:30.301,2025-07-22T03:23:30.301,BB#RC/162_ESO844,9.848,8596
WFI.2025-07-22T03:15:08.276,2025-07-22T03:15:08.275,BB#RC/162_ESO844,9.847,6937
WFI.2025-07-20T07:27:48.337,2025-07-20T07:27:48.336,BB#RC/162_ESO844,9.849,6792
WFI.2025-07-18T08:10:04.509,2025-07-18T08:10:04.509,BB#RC/162_ESO844,9.849,7291
WFI.2025-07-16T08:49:21.010,2025-07-16T08:49:21.009,BB#RC/162_ESO844,9.848,8144
WFI.2025-07-10T01:14:17.580,2025-07-10T01:14:17.579,BB#RC/162_ESO844,9.848,8964
WFI.2025-07-07T08:04:25.259,2025-07-07T08:04:25.259,BB#RC/162_ESO844,9.849,7803
WFI.2025-07-06T08:46:31.901,2025-07-06T08:46:31.901,BB#RC/162_ESO844,9.848,7001
WFI.2025-07-06T04:08:47.449,2025-07-06T04:08:47.449,BB#RC/162_ESO844,9.847,8149
WFI.2025-07-05T07:30:14.690,2025-07-05T07:30:14.689,BB#RC/162_ESO844,9.848,6839
WFI.2025-07-04T08:54:14.306,2025-07-04T08:54:14.305,BB#RC/162_ESO844,9.849,6669
WFI.2025-07-03T08:20:41.150,2025-07-03T08:20:41.150,BB#RC/162_ESO844,9.847,6831
WFI.2025-07-02T07:02:51.490,2025-07-02T07:02:51.490,BB#RC/162_ESO844,9.849,7302
WFI.2025-07-02T06:55:09.610,2025-07-02T06:55:09.610,BB#RC/162_ESO844,9.85,7166
WFI.2025-07-01T06:51:34.710,2025-07-01T06:51:34.710,BB#RC/162_ESO844,9.849,7035
WFI.2025-06-29T23:26:25.173,2025-06-29T23:26:25.172,BB#RC/162_ESO844,9.849,7222
WFI.2025-06-29T08:53:02.489,2025-06-29T08:53:02.489,BB#RC/162_ESO844,9.847,7134
WFI.2025-06-28T09:23:29.529,2025-06-28T09:23:29.529,BB#RC/162_ESO844,9.851,6789
WFI.2025-06-27T23:04:24.209,2025-06-27T23:04:24.209,BB#RC/162_ESO844,9.849,7535
WFI.2025-06-27T22:56:38.747,2025-06-27T22:56:38.747,BB#RC/162_ESO844,9.849,8146
WFI.2025-06-27T08:28:04.324,2025-06-27T08:28:04.323,BB#RC/162_ESO844,9.85,6617
WFI.2025-06-26T22:46:11.844,2025-06-26T22:46:11.844,BB#RC/162_ESO844,9.849,9635
WFI.2025-06-26T22:38:27.854,2025-06-26T22:38:27.853,BB#RC/162_ESO844,9.848,12441
WFI.2025-06-24T22:51:58.469,2025-06-24T22:51:58.468,BB#RC/162_ESO844,9.849,8873
WFI.2025-06-18T22:39:24.942,2025-06-18T22:39:24.941,BB#RC/162_ESO844,9.85,11728
WFI.2025-06-18T22:29:06.454,2025-06-18T22:29:06.453,BB#RC/162_ESO844,9.85,14891
WFI.2025-06-10T23:15:59.931,2025-06-10T23:15:59.931,BB#RC/162_ESO844,9.848,8647
WFI.2025-06-10T07:58:43.385,2025-06-10T07:58:43.385,BB#RC/162_ESO844,9.842,8665
WFI.2025-06-08T23:34:41.725,2025-06-08T23:34:41.725,MB#531/17_ESO875,9.849,6523
WFI.2025-06-07T22:57:20.100,2025-06-07T22:57:20.100,BB#RC/162_ESO844,9.849,8657
WFI.2025-06-07T07:27:41.249,2025-06-07T07:27:41.249,BB#RC/162_ESO844,9.851,8153
WFI.2025-06-07T03:08:27.431,2025-06-07T03:08:27.430,BB#B/99_ESO842,9.85,8301
WFI.2025-06-06T23:21:40.896,2025-06-06T23:21:40.895,BB#RC/162_ESO844,9.849,8587
WFI.2025-06-05T23:15:42.847,2025-06-05T23:15:42.846,BB#RC/162_ESO844,9.849,8701
WFI.2025-06-05T02:47:15.604,2025-06-05T02:47:15.603,BB#RC/162_ESO844,9.849,8089
WFI.2025-06-05T02:39:09.080,2025-06-05T02:39:09.080,BB#RC/162_ESO844,9.849,7452
WFI.2025-06-03T23:43:19.080,2025-06-03T23:43:19.080,BB#RC/162_ESO844,9.849,10725
WFI.2025-06-03T01:27:15.585,2025-06-03T01:27:15.585,BB#RC/162_ESO844,9.848,7726
WFI.2025-06-01T22:44:56.993,2025-06-01T22:44:56.993,BB#RC/162_ESO844,9.85,8866
WFI.2025-06-01T08:24:19.342,2025-06-01T08:24:19.341,BB#RC/162_ESO844,9.847,7262
